row_index,chunk_id,document_name,title,department,section,version,effective_date,status,chunk_configuration,word_count,embedding_text
0,account_access_process_medium_001,account_access_process.txt,Employee System Access Process,Information Technology,Access Management,2.7,2026-02-01,Current,medium,51,"Title: Employee System Access Process
Section: Access Management
System access is granted according to job responsibilities and approved access requests. Managers must authorize access to business systems where approval is required. Information Technology creates, modifies and disables accounts based on approved requests. Access should be removed promptly when an employee leaves the company or no longer requires a system."
1,annual_leave_policy_medium_001,annual_leave_policy.txt,Annual Leave Policy,Human Resources,Leave,2.1,2026-01-01,Current,medium,240,"Title: Annual Leave Policy
Section: Leave
## Purpose The Annual Leave Policy explains how paid annual leave is earned, requested, approved and carried forward. It applies to full-time employees unless a different written employment agreement applies. ## Annual Leave Entitlement Full-time employees receive 25 days of paid annual leave during each calendar year. The annual leave year runs from January through December. Employees joining during the year may receive a proportional entitlement based on their employment start date. Annual leave is intended to provide employees with time away from work for rest and personal activities. Employees should plan their leave throughout the year rather than waiting until the final weeks of December. ## Requesting Annual Leave Employees should normally submit annual leave requests at least 10 working days before the requested start date. Requests must be submitted through the approved company leave system. The employee should include the requested start date, end date and any information needed by the manager to understand operational impact. Employees should not make non-refundable travel arrangements before receiving approval when the leave depends on manager authorization. Emergency circumstances may prevent an employee from providing 10 working days of notice. Managers may consider shorter notice where reasonable. ## Manager Approval Managers approve annual leave based on staffing levels, customer commitments, project deadlines and operational requirements. Submitting a leave request does not automatically mean that the leave has been approved. Managers should try to accommodate reasonable requests while ensuring that the team can"
2,annual_leave_policy_medium_002,annual_leave_policy.txt,Annual Leave Policy,Human Resources,Leave,2.1,2026-01-01,Current,medium,240,"Title: Annual Leave Policy
Section: Leave
levels, customer commitments, project deadlines and operational requirements. Submitting a leave request does not automatically mean that the leave has been approved. Managers should try to accommodate reasonable requests while ensuring that the team can continue to meet business obligations. Where several employees request the same period, managers may consider request timing, business impact and previous holiday arrangements. ## Carry Forward Employees may carry forward a maximum of five unused annual leave days into the next calendar year. Any unused entitlement above five days will normally expire unless Human Resources approves an exception. Carried-forward leave should normally be used during the first half of the following year. Employees are encouraged to monitor their remaining leave balance throughout the year. ## Sick Leave During Annual Leave If an employee becomes seriously ill during approved annual leave, the employee should notify their manager as soon as reasonably possible. Human Resources may require appropriate medical evidence before annual leave is converted to sick leave. Annual leave should not automatically be changed to sick leave without approval. ## Leaving the Company When employment ends, Human Resources will review the employee's outstanding annual leave balance. Depending on employment terms and applicable requirements, unused accrued leave may be paid or adjusted against the employee's final working period. Managers should coordinate planned leave during a notice period with Human Resources. ## Responsibilities Employees are responsible for submitting requests early, checking approval and monitoring their leave balance. Managers"
3,annual_leave_policy_medium_003,annual_leave_policy.txt,Annual Leave Policy,Human Resources,Leave,2.1,2026-01-01,Current,medium,57,"Title: Annual Leave Policy
Section: Leave
against the employee's final working period. Managers should coordinate planned leave during a notice period with Human Resources. ## Responsibilities Employees are responsible for submitting requests early, checking approval and monitoring their leave balance. Managers are responsible for reviewing requests fairly and maintaining sufficient team coverage. Human Resources maintains the official leave rules and resolves exceptional cases."
4,billing_cycle_policy_medium_001,billing_cycle_policy.txt,Customer Billing Cycle Policy,Finance,Billing,1.3,2026-04-01,Current,medium,44,"Title: Customer Billing Cycle Policy
Section: Billing
Monthly subscriptions are billed on the customer's recurring billing date. Annual subscriptions are billed once at the beginning of each annual subscription period. Failed payments may be retried automatically before an account is suspended. Billing frequency is separate from the published monthly subscription price."
5,business_travel_policy_medium_001,business_travel_policy.txt,Business Travel Policy,Finance,Travel,1.7,2026-01-01,Current,medium,41,"Title: Business Travel Policy
Section: Travel
Business travel should be booked using approved suppliers whenever possible. Employees should select reasonably priced transport and accommodation suitable for the business requirement. International travel requires manager approval before booking. Travel costs must later be submitted under the Employee Expense Policy."
6,corporate_card_policy_medium_001,corporate_card_policy.txt,Corporate Card Policy,Finance,Corporate Cards,1.3,2026-02-15,Current,medium,40,"Title: Corporate Card Policy
Section: Corporate Cards
Corporate cards may only be used for authorized business expenses. Personal purchases are prohibited. Cardholders must retain receipts and reconcile transactions by the monthly Finance deadline. Lost or stolen cards must be reported immediately to Finance and the card provider."
7,customer_onboarding_process_medium_001,customer_onboarding_process.txt,Customer Onboarding Process,Customer Success,Onboarding,2.5,2026-03-01,Current,medium,54,"Title: Customer Onboarding Process
Section: Onboarding
New customers receive a welcome email after their account has been activated. Customer Success schedules an onboarding session to review account configuration, user setup and key product features. Professional and Enterprise customers may receive additional implementation assistance depending on their agreement. The account owner confirms onboarding completion after agreed setup activities have been completed."
8,customer_refund_policy_medium_001,customer_refund_policy.txt,Customer Refund Policy,Customer Operations,Refunds,3.0,2026-01-15,Current,medium,240,"Title: Customer Refund Policy
Section: Refunds
## Purpose The Customer Refund Policy defines when customers may request refunds, what evidence is required and how approved refunds are processed. This policy should be used when deciding refund eligibility. Other documents may describe returns, payment processing or customer-service terminology, but those documents do not replace this policy. ## Standard Refund Period Customers may request a full refund within 30 calendar days of the original purchase date. The 30-day period begins on the date shown on the customer's valid purchase record. Requests submitted within this period are reviewed according to the eligibility requirements described in this policy. A request made after 30 calendar days is not automatically eligible for a refund. ## Proof of Purchase Customers must provide a valid order number or another acceptable form of proof of purchase. Customer Operations may use account records to verify a transaction when appropriate. If the company cannot confirm that the purchase occurred, the refund request may be delayed while additional evidence is requested. ## Eligible Refunds A refund may be approved when the request falls within the applicable period and the purchase satisfies the relevant product or service conditions. For physical products, the separate Product Returns Policy may also apply. Returning an item does not automatically guarantee refund approval. Refund eligibility remains governed by this Customer Refund Policy. ## Requests After 30 Days Refund requests received after the 30-day period are reviewed individually. Customer Operations may consider exceptional circumstances, but"
9,customer_refund_policy_medium_002,customer_refund_policy.txt,Customer Refund Policy,Customer Operations,Refunds,3.0,2026-01-15,Current,medium,240,"Title: Customer Refund Policy
Section: Refunds
automatically guarantee refund approval. Refund eligibility remains governed by this Customer Refund Policy. ## Requests After 30 Days Refund requests received after the 30-day period are reviewed individually. Customer Operations may consider exceptional circumstances, but customers should not be promised a refund simply because a late request was submitted. Where an exception requires approval, the request should be escalated to the appropriate manager. ## Processing Approved Refunds Approved refunds are returned to the original payment method whenever possible. Finance normally processes an approved refund within five to seven working days. The customer's bank or payment provider may take additional time to display the funds after the company has processed the transaction. Employees should distinguish between refund approval time and payment-processing time. ## Partial Refunds In some circumstances, a partial refund may be considered where only part of a service or order was affected. Partial refunds must follow approved commercial rules and should not be offered without appropriate authority. The reason for a partial refund should be recorded in the customer account. ## Duplicate Payments Where a customer appears to have been charged twice for the same transaction, Customer Operations should verify the payment records. Confirmed duplicate payments should be escalated for correction through the appropriate Finance process. A duplicate-payment correction may be handled differently from a normal discretionary refund request. ## Communication Employees should explain refund decisions clearly and avoid promising an outcome before eligibility has been confirmed. Customers should"
10,customer_refund_policy_medium_003,customer_refund_policy.txt,Customer Refund Policy,Customer Operations,Refunds,3.0,2026-01-15,Current,medium,95,"Title: Customer Refund Policy
Section: Refunds
Finance process. A duplicate-payment correction may be handled differently from a normal discretionary refund request. ## Communication Employees should explain refund decisions clearly and avoid promising an outcome before eligibility has been confirmed. Customers should be told whether their request has been approved, rejected or requires additional evidence. If approved, customers should also be advised that most refunds are processed within five to seven working days. ## Responsibilities Customer Operations determines eligibility using this policy. Finance processes approved payments. Employees must use the official policy rather than training examples or documents containing similar refund-related keywords."
11,data_handling_policy_medium_001,data_handling_policy.txt,Confidential Data Handling Policy,Information Security,Data Protection,2.0,2026-03-01,Current,medium,53,"Title: Confidential Data Handling Policy
Section: Data Protection
Confidential company and customer information must only be stored in approved systems. Employees must not send confidential data to personal email accounts or unauthorized cloud storage services. Access should be limited to people who need the information for legitimate business purposes. Suspected data exposure must be reported under the Security Incident Reporting process."
12,employee_expense_policy_medium_001,employee_expense_policy.txt,Employee Expense Policy,Finance,Expenses,2.0,2026-01-01,Current,medium,50,"Title: Employee Expense Policy
Section: Expenses
The company reimburses reasonable and approved business expenses including travel, accommodation and customer meeting costs. Expense claims must be submitted within 14 calendar days of the expense being incurred. Receipts must be attached to claims whenever available. Managers are responsible for confirming that expenses are reasonable and business-related before approval."
13,employee_onboarding_policy_medium_001,employee_onboarding_policy.txt,Employee Onboarding Policy,Human Resources,Employee Onboarding,2.3,2026-01-01,Current,medium,47,"Title: Employee Onboarding Policy
Section: Employee Onboarding
New employees complete company orientation during their first working week. Onboarding includes account setup, required security training, department introduction and review of relevant company policies. The employee's manager is responsible for confirming role-specific onboarding activities. Information Technology creates approved system accounts after receiving the required onboarding request."
14,lead_qualification_guide_medium_001,lead_qualification_guide.txt,Lead Qualification Guide,Sales,Lead Qualification,1.4,2026-02-01,Current,medium,51,"Title: Lead Qualification Guide
Section: Lead Qualification
Sales representatives should confirm customer need, appropriate business fit, expected timing and a realistic purchasing process before treating a lead as qualified. Unqualified enquiries may remain in the CRM for future nurturing. Qualification does not mean that a sale has been completed. Only signed agreements may be treated as completed sales."
15,mandatory_training_policy_medium_001,mandatory_training_policy.txt,Mandatory Employee Training,Human Resources,Training,1.5,2026-01-01,Current,medium,40,"Title: Mandatory Employee Training
Section: Training
Employees must complete required compliance and information-security training within the assigned deadline. New employees receive mandatory training assignments during onboarding. Managers are responsible for following up when required training becomes overdue. Additional role-specific training may be required by individual departments."
16,parental_leave_policy_medium_001,parental_leave_policy.txt,Parental Leave Policy,Human Resources,Leave,1.2,2026-03-01,Current,medium,57,"Title: Parental Leave Policy
Section: Leave
Eligible employees may request parental leave following the birth, adoption or placement of a child. Employees should contact Human Resources at least eight weeks before the expected leave start date where reasonably possible. Individual entitlement and payment arrangements depend on employment terms and applicable local requirements. Parental leave is managed separately from the standard annual leave allowance."
17,password_security_policy_medium_001,password_security_policy.txt,Password Security Policy,Information Security,Authentication,3.2,2026-02-01,Current,medium,40,"Title: Password Security Policy
Section: Authentication
Employees must use strong and unique passwords for company systems. Multi-factor authentication is required where the company system supports it. Passwords must never be shared with colleagues or external parties. Suspected password compromise must be reported immediately to Information Security."
18,pricing_discounts_medium_001,pricing_discounts.txt,Pricing and Discount Rules,Commercial,Discounts,1.5,2026-04-01,Current,medium,45,"Title: Pricing and Discount Rules
Section: Discounts
Sales representatives may offer approved promotional discounts only within the limits defined by the Commercial team. Discounts above 10 percent require approval from a sales manager. Enterprise contract discounts are considered individually and may require Finance approval. Employees must not promise customers an unapproved discount."
19,pricing_plans_medium_001,pricing_plans.txt,Subscription Pricing,Commercial,Pricing,4.0,2026-04-01,Current,medium,53,"Title: Subscription Pricing
Section: Pricing
The Standard Plan costs $49 per month and supports up to five users. The Professional Plan costs $99 per month and supports up to 15 users. Enterprise pricing is customized according to user numbers, integrations, support requirements and contract terms. Customers interested in Enterprise pricing must request a quotation from the sales team."
20,product_returns_policy_medium_001,product_returns_policy.txt,Product Returns Policy,Customer Operations,Returns,2.2,2026-01-15,Current,medium,55,"Title: Product Returns Policy
Section: Returns
Physical products may be returned within 30 calendar days when they are unused and in resalable condition. Customers must obtain a return reference before shipping an item back to the company. Receiving a returned product does not automatically mean that a refund has been approved. Refund eligibility is governed by the separate Customer Refund Policy."
21,purchase_order_policy_medium_001,purchase_order_policy.txt,Purchase Order Policy,Procurement,Purchase Orders,1.9,2026-01-15,Current,medium,49,"Title: Purchase Order Policy
Section: Purchase Orders
A valid purchase order must normally be issued before a supplier provides goods or services. The purchase order should identify the supplier, approved amount, business owner and relevant cost allocation. Employees should not personally commit the company to unauthorized supplier expenditure. Exceptions require documented approval under the procurement process."
22,refund_keyword_training_example_medium_001,refund_keyword_training_example.txt,Customer Service Vocabulary Training,Learning and Development,Training Examples,1.0,2026-05-01,Current,medium,59,"Title: Customer Service Vocabulary Training
Section: Training Examples
This training document teaches customer-service vocabulary. Employees may encounter words such as refund, return, payment, money back, billing, purchase and customer complaint during support conversations. The document contains examples of common customer language but does not define refund eligibility, return periods or company payment rules. Employees must use the official Customer Refund Policy when answering questions about refund eligibility."
23,refund_processing_guide_medium_001,refund_processing_guide.txt,Refund Processing Guide,Finance,Payment Processing,1.1,2026-02-01,Current,medium,50,"Title: Refund Processing Guide
Section: Payment Processing
Once Customer Operations approves a refund, Finance processes the payment through the original payment channel. Most approved refunds reach the customer within five to seven working days, although bank processing times may vary. Finance employees should not approve refund eligibility themselves. Eligibility decisions are governed by the Customer Refund Policy."
24,remote_work_equipment_medium_001,remote_work_equipment.txt,Remote Work Equipment Guidelines,Information Technology,Equipment,1.0,2026-02-01,Current,medium,68,"Title: Remote Work Equipment Guidelines
Section: Equipment
Employees approved for remote work may receive a company laptop, headset and other equipment required for their role. Company equipment remains the property of Northstar Systems and must be used in accordance with security policies. Employees must report lost, stolen or damaged equipment to the IT service desk as soon as possible. The equipment policy does not determine how many days an employee is permitted to work remotely."
25,remote_work_policy_v1_medium_001,remote_work_policy_v1.txt,Remote Work Policy,Human Resources,Work Arrangements,1.0,2025-01-01,Superseded,medium,240,"Title: Remote Work Policy
Section: Work Arrangements
## Policy Status This is Remote Work Policy version 1.0. This version became effective on 1 January 2025 and has now been superseded by version 2.0. It is retained in the knowledge base so that historical policy decisions can be reviewed. ## Remote Work Allowance Under version 1.0, employees may work remotely for up to two days each week. The remaining working days should normally be completed from an approved company office unless a manager authorizes an exception. The two-day allowance applies to eligible employees and does not create an automatic right to remote work for every role. ## Eligibility Remote working is available when the employee's responsibilities can reasonably be performed away from the office. Managers may consider role requirements, employee performance, customer obligations, security restrictions and team needs before approving a remote-working arrangement. Some operational or security-sensitive roles may require greater office attendance. ## Availability Employees working remotely must remain available during normal business hours from 9:00 AM to 5:00 PM. Employees should remain reachable through approved communication channels and attend scheduled online meetings. Working remotely does not change normal expectations regarding attendance, performance or response times. ## Office Attendance Managers may require employees to attend the office for important team meetings, training sessions, customer visits or operational requirements. Employees should make reasonable arrangements to attend when requested. A planned remote-working day may therefore be changed when legitimate business needs require physical attendance. ## Equipment Employees should use"
26,remote_work_policy_v1_medium_002,remote_work_policy_v1.txt,Remote Work Policy,Human Resources,Work Arrangements,1.0,2025-01-01,Superseded,medium,190,"Title: Remote Work Policy
Section: Work Arrangements
sessions, customer visits or operational requirements. Employees should make reasonable arrangements to attend when requested. A planned remote-working day may therefore be changed when legitimate business needs require physical attendance. ## Equipment Employees should use approved company equipment when accessing company systems remotely. Company laptops and other equipment remain company property. Loss, theft or damage should be reported to Information Technology as quickly as possible. ## Information Security Employees must follow the company's password, authentication and confidential-data requirements while working remotely. Confidential information should not be exposed to unauthorized people in shared or public spaces. Employees should use approved systems for company data and should not transfer confidential information to personal accounts. ## Performance Remote employees remain responsible for achieving agreed work objectives. Managers may review remote-working arrangements where performance, communication or availability becomes a concern. Remote work should support effective work rather than reduce service quality or collaboration. ## Historical Notice Version 1.0 allowed a maximum of two remote-working days each week. This rule was replaced by Remote Work Policy version 2.0. Users seeking the current remote-working allowance should use the document marked Current rather than this Superseded version."
27,remote_work_policy_v2_medium_001,remote_work_policy_v2.txt,Remote Work Policy,Human Resources,Work Arrangements,2.0,2026-01-01,Current,medium,240,"Title: Remote Work Policy
Section: Work Arrangements
## Policy Status This is Remote Work Policy version 2.0. It became effective on 1 January 2026 and is the current Northstar Systems remote-work policy. Version 2.0 replaces the previous version 1.0 policy. ## Remote Work Allowance Employees may work remotely for up to three days each week. Employees must normally spend at least two working days each week at an approved company office unless a manager grants an exception. The three-day allowance describes the maximum standard remote-working arrangement and does not guarantee that every employee will work remotely for three days. ## Eligibility Eligibility depends on the nature of the employee's role, performance, customer responsibilities, security requirements and operational needs. Managers determine whether an individual's responsibilities can be performed effectively under a remote-working arrangement. Roles requiring physical equipment, secure facilities or regular face-to-face customer interaction may require additional office attendance. ## Manager Approval Managers are responsible for agreeing appropriate working arrangements with employees. Remote-working schedules should support team collaboration and customer delivery. Managers may change an arrangement when operational conditions change. Permanent changes to contractual working location require the appropriate Human Resources process. ## Availability Remote employees must remain available during normal business hours. Employees should monitor approved communication channels, attend required online meetings and respond to colleagues and customers within reasonable working expectations. Remote work does not change an employee's responsibilities for attendance, deadlines or performance. ## Office Attendance Managers may require additional office attendance for team workshops,"
28,remote_work_policy_v2_medium_002,remote_work_policy_v2.txt,Remote Work Policy,Human Resources,Work Arrangements,2.0,2026-01-01,Current,medium,240,"Title: Remote Work Policy
Section: Work Arrangements
and respond to colleagues and customers within reasonable working expectations. Remote work does not change an employee's responsibilities for attendance, deadlines or performance. ## Office Attendance Managers may require additional office attendance for team workshops, customer meetings, training, security-sensitive activities or important operational events. Employees should attend the office when reasonably requested for these purposes. A scheduled remote day may therefore be replaced by an office day when business needs require it. ## Equipment Employees approved for remote work may use company-issued equipment according to the Remote Work Equipment Guidelines. Employees remain responsible for reasonable care of company equipment. Technical problems affecting work should be reported through the IT service desk. ## Security Remote employees must follow all Information Security policies. Strong passwords and multi-factor authentication must be used where required. Confidential company or customer information should only be stored and transmitted through approved company systems. Employees should take reasonable steps to prevent unauthorized people from viewing sensitive information. ## Working Environment Employees should maintain a working environment that supports safe and productive work. Remote working should not interfere with customer service, scheduled meetings or team collaboration. Employees should tell their manager where an ongoing working arrangement creates significant practical difficulties. ## Performance and Review Managers may periodically review remote-working arrangements. The review may consider performance, collaboration, service levels, security and business requirements. A remote-working arrangement may be adjusted when it no longer supports effective operations. ## Relationship to Previous"
29,remote_work_policy_v2_medium_003,remote_work_policy_v2.txt,Remote Work Policy,Human Resources,Work Arrangements,2.0,2026-01-01,Current,medium,92,"Title: Remote Work Policy
Section: Work Arrangements
Managers may periodically review remote-working arrangements. The review may consider performance, collaboration, service levels, security and business requirements. A remote-working arrangement may be adjusted when it no longer supports effective operations. ## Relationship to Previous Policy Version 1.0 allowed employees to work remotely for up to two days each week. Version 2.0 increased the maximum standard allowance to three days. When the two documents conflict about the current number of permitted remote days, version 2.0 should be treated as authoritative because its status is Current and it has the later effective date."
30,sales_contract_approval_medium_001,sales_contract_approval.txt,Sales Contract Approval Policy,Sales,Contract Approval,1.8,2026-02-01,Current,medium,57,"Title: Sales Contract Approval Policy
Section: Contract Approval
Standard contracts using approved commercial terms may follow the normal sales approval process. Non-standard legal terms must be reviewed by the appropriate legal reviewer before signature. Large discounts, unusual payment terms or significant commercial exceptions may require Finance or senior management approval. A sales opportunity must not be recorded as Closed Won before required signatures are complete."
31,sales_process_medium_001,sales_process.txt,Sales Opportunity Process,Sales,Opportunity Management,2.6,2026-02-01,Current,medium,50,"Title: Sales Opportunity Process
Section: Opportunity Management
Qualified sales opportunities must be recorded in the company CRM. Sales representatives must update the opportunity stage when meaningful progress occurs. An opportunity may only be marked Closed Won after the customer has signed the required sales agreement. Lost opportunities should include a loss reason to support future sales analysis."
32,security_incident_policy_medium_001,security_incident_policy.txt,Security Incident Reporting,Information Security,Incident Management,2.4,2026-02-01,Current,medium,44,"Title: Security Incident Reporting
Section: Incident Management
Employees must immediately report suspected phishing, malware, unauthorized system access or data exposure. Reports should be submitted through the security incident channel or IT service desk. Employees should not attempt to investigate serious security incidents independently. Information Security coordinates investigation, containment and recovery activities."
33,sick_leave_policy_medium_001,sick_leave_policy.txt,Sick Leave Policy,Human Resources,Leave,1.4,2026-01-01,Current,medium,51,"Title: Sick Leave Policy
Section: Leave
Employees who are unable to work because of illness must notify their manager before their normal starting time whenever reasonably possible. Medical documentation may be required for absences lasting more than three consecutive working days. Sick leave must not be recorded as annual leave unless Human Resources specifically approves the change."
34,supplier_payment_policy_medium_001,supplier_payment_policy.txt,Supplier Payment Policy,Finance,Supplier Payments,1.6,2026-01-15,Current,medium,48,"Title: Supplier Payment Policy
Section: Supplier Payments
Approved supplier invoices are normally paid according to the payment terms stated in the supplier agreement. Finance requires a valid invoice and appropriate purchasing approval before payment. Invoice discrepancies should be resolved with Procurement or the relevant business owner. Supplier payment processing does not replace purchase-order approval requirements."
35,supplier_selection_policy_medium_001,supplier_selection_policy.txt,Supplier Selection Policy,Procurement,Supplier Selection,2.0,2026-01-15,Current,medium,50,"Title: Supplier Selection Policy
Section: Supplier Selection
New suppliers must be evaluated for capability, commercial suitability and relevant risk before approval. Purchases above $10,000 normally require comparison of at least three suitable supplier quotations unless an approved exception applies. Procurement records the selection decision and supporting evidence. Employees must disclose potential conflicts of interest involving prospective suppliers."
36,support_escalation_process_medium_001,support_escalation_process.txt,Support Escalation Process,Customer Support,Escalations,2.1,2026-03-15,Current,medium,57,"Title: Support Escalation Process
Section: Escalations
Support agents should escalate cases when customer impact increases, agreed troubleshooting does not resolve the issue or specialist expertise is required. Critical incidents are escalated immediately to the designated incident lead. Escalation does not change the original support priority unless the impact assessment also changes. Major customer-impacting incidents may require updates to Customer Success and senior management."
37,support_service_levels_medium_001,support_service_levels.txt,Customer Support Service Levels,Customer Support,Service Levels,3.0,2026-03-15,Current,medium,46,"Title: Customer Support Service Levels
Section: Service Levels
Critical support incidents receive an initial response within one hour during supported business hours. High-priority requests receive an initial response within four hours. Normal-priority requests receive an initial response within one business day. Response targets describe the initial acknowledgement and investigation start, not guaranteed resolution time."
