request_id,category,user_request,dependency,expected_tools,raw_planner_output,model_planned_tools,structural_plan,validated_tools,validation_reason,executed_calls,final_answer,exact_plan_correct,required_tools_found,required_tools_total,has_unnecessary_tool,unnecessary_tools,first_argument_correct,dependency_satisfied,tool_error_count,task_complete
S5-001,ticket_knowledge_independent,Check ticket TKT-005 and tell me what the company escalation policy says.,independent,get_ticket|search_company_knowledge,TICKET|KNOWLEDGE,get_ticket|search_company_knowledge,get_ticket|search_company_knowledge,get_ticket|search_company_knowledge,MODEL_PLAN_ACCEPTED,"[{""tool"": ""get_ticket"", ""argument"": ""TKT-005"", ""result"": {""ticket_id"": ""TKT-005"", ""customer"": ""Silverline Health"", ""category"": ""Technical"", ""priority"": ""High"", ""status"": ""In Progress"", ""owner"": ""Amina Bello"", ""summary"": ""API integration returns authentication errors.""}, ""error"": null}, {""tool"": ""search_company_knowledge"", ""argument"": ""Check ticket TKT-005 and tell me what the company escalation policy says."", ""result"": {""question"": ""Check ticket TKT-005 and tell me what the company escalation policy says."", ""answer"": ""I do not have enough evidence in the available company documents to answer this question."", ""sources"": [], ""chunks"": [], ""evidence"": [], ""retrieval_scores"": [], ""retrieval_details"": [], ""abstained"": true, ""retrieval_mode"": ""standard"", ""conflict"": null}, ""error"": null}]",Ticket TKT-005 is In Progress. Priority: High. Owner: Amina Bello. Summary: API integration returns authentication errors. Company knowledge: I do not have enough evidence in the available company documents to answer this question.,True,2,2,False,,True,True,0,True
S5-002,ticket_knowledge_dependent,Check TKT-003 and tell me what response target applies to its priority.,dependent,get_ticket|search_company_knowledge,TKT-003,,get_ticket|search_company_knowledge,get_ticket|search_company_knowledge,STRUCTURAL_OVERRIDE,"[{""tool"": ""get_ticket"", ""argument"": ""TKT-003"", ""result"": {""ticket_id"": ""TKT-003"", ""customer"": ""GreenField Retail"", ""category"": ""Technical"", ""priority"": ""Critical"", ""status"": ""Open"", ""owner"": ""Sarah James"", ""summary"": ""Production dashboard is unavailable.""}, ""error"": null}, {""tool"": ""search_company_knowledge"", ""argument"": ""Check TKT-003 and tell me what response target applies to its priority."", ""result"": {""question"": ""Check TKT-003 and tell me what response target applies to its priority."", ""answer"": ""initial response"", ""sources"": [""support_service_levels.txt""], ""chunks"": [""support_service_levels_medium_001""], ""evidence"": [""Normal-priority requests receive an initial response within one business day.""], ""retrieval_scores"": [0.5665522813796997], ""retrieval_details"": [{""document_name"": ""support_service_levels.txt"", ""chunk_id"": ""support_service_levels_medium_001"", ""evidence"": ""Normal-priority requests receive an initial response within one business day."", ""chunk_similarity"": 0.48548027873039246, ""sentence_similarity"": 0.5665522813796997, ""adjusted_evidence_score"": 0.5665522813796997, ""version"": ""3.0"", ""status"": ""Current""}], ""abstained"": false, ""retrieval_mode"": ""standard"", ""conflict"": null}, ""error"": null}]",Ticket TKT-003 is Open. Priority: Critical. Owner: Sarah James. Summary: Production dashboard is unavailable. Company knowledge: initial response,True,2,2,False,,True,False,0,False
S5-003,ticket_knowledge_independent,Who owns TKT-017 and what does the company escalation process say?,independent,get_ticket|search_company_knowledge,TKT-017|KNOWLEDGE,search_company_knowledge,get_ticket|search_company_knowledge,get_ticket|search_company_knowledge,STRUCTURAL_OVERRIDE,"[{""tool"": ""get_ticket"", ""argument"": ""TKT-017"", ""result"": {""ticket_id"": ""TKT-017"", ""customer"": ""Apex Insurance"", ""category"": ""Security"", ""priority"": ""Critical"", ""status"": ""In Progress"", ""owner"": ""Sarah James"", ""summary"": ""Possible unauthorized account access detected.""}, ""error"": null}, {""tool"": ""search_company_knowledge"", ""argument"": ""Who owns TKT-017 and what does the company escalation process say?"", ""result"": {""question"": ""Who owns TKT-017 and what does the company escalation process say?"", ""answer"": ""I do not have enough evidence in the available company documents to answer this question."", ""sources"": [], ""chunks"": [], ""evidence"": [], ""retrieval_scores"": [], ""retrieval_details"": [], ""abstained"": true, ""retrieval_mode"": ""standard"", ""conflict"": null}, ""error"": null}]",Ticket TKT-017 is In Progress. Priority: Critical. Owner: Sarah James. Summary: Possible unauthorized account access detected. Company knowledge: I do not have enough evidence in the available company documents to answer this question.,True,2,2,False,,True,True,0,True
S5-004,claim_knowledge,Check expense claim EXP-010 and tell me what the company policy says about employee travel expenses.,independent,get_expense_claim|search_company_knowledge,EXPENSE_CLAIM|EXPENSE_CLAIM|KNOWLEDGE,get_expense_claim|search_company_knowledge,get_expense_claim|search_company_knowledge,get_expense_claim|search_company_knowledge,MODEL_PLAN_ACCEPTED,"[{""tool"": ""get_expense_claim"", ""argument"": ""EXP-010"", ""result"": {""claim_id"": ""EXP-010"", ""employee"": ""James White"", ""category"": ""Transport"", ""amount"": ""8400"", ""date"": ""2026-08-10"", ""status"": ""Approved""}, ""error"": null}, {""tool"": ""search_company_knowledge"", ""argument"": ""Check expense claim EXP-010 and tell me what the company policy says about employee travel expenses."", ""result"": {""question"": ""Check expense claim EXP-010 and tell me what the company policy says about employee travel expenses."", ""answer"": ""Travel costs must later be submitted under the Employee Expense Policy."", ""sources"": [""business_travel_policy.txt""], ""chunks"": [""business_travel_policy_medium_001""], ""evidence"": [""Travel costs must later be submitted under the Employee Expense Policy.""], ""retrieval_scores"": [0.7137157917022705], ""retrieval_details"": [{""document_name"": ""business_travel_policy.txt"", ""chunk_id"": ""business_travel_policy_medium_001"", ""evidence"": ""Travel costs must later be submitted under the Employee Expense Policy."", ""chunk_similarity"": 0.5943583250045776, ""sentence_similarity"": 0.7137157917022705, ""adjusted_evidence_score"": 0.7137157917022705, ""version"": ""1.7"", ""status"": ""Current""}], ""abstained"": false, ""retrieval_mode"": ""standard"", ""conflict"": null}, ""error"": null}]",Expense claim EXP-010 was submitted by James White. Amount: 8400. Status: Approved. Company knowledge: Travel costs must later be submitted under the Employee Expense Policy.,True,2,2,False,,True,True,0,True
S5-005,claim_knowledge,What is the status of EXP-004 and what does the Employee Expense Policy say?,independent,get_expense_claim|search_company_knowledge,EXP-004,,get_expense_claim|search_company_knowledge,get_expense_claim|search_company_knowledge,STRUCTURAL_OVERRIDE,"[{""tool"": ""get_expense_claim"", ""argument"": ""EXP-004"", ""result"": {""claim_id"": ""EXP-004"", ""employee"": ""Peter James"", ""category"": ""Transport"", ""amount"": ""9500"", ""date"": ""2026-08-04"", ""status"": ""Approved""}, ""error"": null}, {""tool"": ""search_company_knowledge"", ""argument"": ""What is the status of EXP-004 and what does the Employee Expense Policy say?"", ""result"": {""question"": ""What is the status of EXP-004 and what does the Employee Expense Policy say?"", ""answer"": ""I do not have enough evidence in the available company documents to answer this question."", ""sources"": [], ""chunks"": [], ""evidence"": [], ""retrieval_scores"": [], ""retrieval_details"": [], ""abstained"": true, ""retrieval_mode"": ""standard"", ""conflict"": ""Current and Superseded documents were both retrieved.""}, ""error"": null}]",Expense claim EXP-004 was submitted by Peter James. Amount: 9500. Status: Approved. Company knowledge: I do not have enough evidence in the available company documents to answer this question.,True,2,2,False,,True,True,0,True
S5-006,calculation_knowledge,"Add 32000 hotel and 8500 transport, then tell me what our travel-expense policy says.",independent,calculate_expense|search_company_knowledge,"5000, 8000, transport, 32000, 8000",,calculate_expense|search_company_knowledge,calculate_expense|search_company_knowledge,STRUCTURAL_OVERRIDE,"[{""tool"": ""calculate_expense"", ""argument"": [32000.0, 8500.0], ""result"": 40500.0, ""error"": null}, {""tool"": ""search_company_knowledge"", ""argument"": ""Add 32000 hotel and 8500 transport, then tell me what our travel-expense policy says."", ""result"": {""question"": ""Add 32000 hotel and 8500 transport, then tell me what our travel-expense policy says."", ""answer"": ""32000 hotel and 8500 transport, then tell me what our travel-expense policy says."", ""sources"": [""business_travel_policy.txt""], ""chunks"": [""business_travel_policy_medium_001""], ""evidence"": [""Travel costs must later be submitted under the Employee Expense Policy.""], ""retrieval_scores"": [0.5508544445037842], ""retrieval_details"": [{""document_name"": ""business_travel_policy.txt"", ""chunk_id"": ""business_travel_policy_medium_001"", ""evidence"": ""Travel costs must later be submitted under the Employee Expense Policy."", ""chunk_similarity"": 0.5837746858596802, ""sentence_similarity"": 0.5508544445037842, ""adjusted_evidence_score"": 0.5508544445037842, ""version"": ""1.7"", ""status"": ""Current""}], ""abstained"": false, ""retrieval_mode"": ""standard"", ""conflict"": null}, ""error"": null}]","Calculated expense total: 40500.0 Company knowledge: 32000 hotel and 8500 transport, then tell me what our travel-expense policy says.",True,2,2,False,,True,True,0,True
S5-007,calculation_knowledge,Calculate 18500 plus 7200 plus 45000 and tell me what the company says about employee expenses.,independent,calculate_expense|search_company_knowledge,EXPENSE_CLAIM|18500+7200+45000,get_expense_claim,calculate_expense|search_company_knowledge,calculate_expense|search_company_knowledge,STRUCTURAL_OVERRIDE,"[{""tool"": ""calculate_expense"", ""argument"": [18500.0, 7200.0, 45000.0], ""result"": 70700.0, ""error"": null}, {""tool"": ""search_company_knowledge"", ""argument"": ""Calculate 18500 plus 7200 plus 45000 and tell me what the company says about employee expenses."", ""result"": {""question"": ""Calculate 18500 plus 7200 plus 45000 and tell me what the company says about employee expenses."", ""answer"": ""I do not have enough evidence in the available company documents to answer this question."", ""sources"": [], ""chunks"": [], ""evidence"": [], ""retrieval_scores"": [], ""retrieval_details"": [], ""abstained"": true, ""retrieval_mode"": ""standard"", ""conflict"": null}, ""error"": null}]",Calculated expense total: 70700.0 Company knowledge: I do not have enough evidence in the available company documents to answer this question.,True,2,2,False,,True,True,0,True
S5-008,ticket_claim,Check TKT-010 and EXP-010. Tell me the ticket status and the expense-claim status.,independent,get_ticket|get_expense_claim,TICKET|TICKET|EXPENSE_CLAIM|EXPENSE_CLAIM|EXPENSE_,get_ticket|get_expense_claim,get_ticket|get_expense_claim,get_ticket|get_expense_claim,MODEL_PLAN_ACCEPTED,"[{""tool"": ""get_ticket"", ""argument"": ""TKT-010"", ""result"": {""ticket_id"": ""TKT-010"", ""customer"": ""BrightPath Finance"", ""category"": ""Security"", ""priority"": ""High"", ""status"": ""Open"", ""owner"": ""Sarah James"", ""summary"": ""Suspicious login activity was reported.""}, ""error"": null}, {""tool"": ""get_expense_claim"", ""argument"": ""EXP-010"", ""result"": {""claim_id"": ""EXP-010"", ""employee"": ""James White"", ""category"": ""Transport"", ""amount"": ""8400"", ""date"": ""2026-08-10"", ""status"": ""Approved""}, ""error"": null}]",Ticket TKT-010 is Open. Priority: High. Owner: Sarah James. Summary: Suspicious login activity was reported. Expense claim EXP-010 was submitted by James White. Amount: 8400. Status: Approved.,True,2,2,False,,True,True,0,True
S5-009,ticket_claim,Who owns TKT-020 and who submitted EXP-002?,independent,get_ticket|get_expense_claim,TICKET|OWNER|TKT-020|EXPENSE_CLAIM|EXPENSE_CLAIM,get_ticket|get_expense_claim,get_ticket|get_expense_claim,get_ticket|get_expense_claim,MODEL_PLAN_ACCEPTED,"[{""tool"": ""get_ticket"", ""argument"": ""TKT-020"", ""result"": {""ticket_id"": ""TKT-020"", ""customer"": ""LakeView Hospitality"", ""category"": ""Account"", ""priority"": ""Low"", ""status"": ""Resolved"", ""owner"": ""Michael Ade"", ""summary"": ""Customer requested closure of an unused user account.""}, ""error"": null}, {""tool"": ""get_expense_claim"", ""argument"": ""EXP-002"", ""result"": {""claim_id"": ""EXP-002"", ""employee"": ""John Bello"", ""category"": ""Meals"", ""amount"": ""7200"", ""date"": ""2026-08-02"", ""status"": ""Approved""}, ""error"": null}]",Ticket TKT-020 is Resolved. Priority: Low. Owner: Michael Ade. Summary: Customer requested closure of an unused user account. Expense claim EXP-002 was submitted by John Bello. Amount: 7200. Status: Approved.,True,2,2,False,,True,True,0,True
S5-010,claim_calculation_dependent,Get the amount on EXP-010 and add 7200 to it.,dependent,get_expense_claim|calculate_expense,EXPENSE_CLAIM|CALCULATE,get_expense_claim|calculate_expense,get_expense_claim|calculate_expense,get_expense_claim|calculate_expense,MODEL_PLAN_ACCEPTED,"[{""tool"": ""get_expense_claim"", ""argument"": ""EXP-010"", ""result"": {""claim_id"": ""EXP-010"", ""employee"": ""James White"", ""category"": ""Transport"", ""amount"": ""8400"", ""date"": ""2026-08-10"", ""status"": ""Approved""}, ""error"": null}, {""tool"": ""calculate_expense"", ""argument"": [7200.0], ""result"": 7200.0, ""error"": null}]",Expense claim EXP-010 was submitted by James White. Amount: 8400. Status: Approved. Calculated expense total: 7200.0,True,2,2,False,,True,False,0,False
S5-011,three_tool,"Check TKT-005, add 32000 and 8500, and tell me what our escalation policy says.",independent,get_ticket|calculate_expense|search_company_knowledge,TICKET|KNOWLEDGE,get_ticket|search_company_knowledge,get_ticket|calculate_expense|search_company_knowledge,get_ticket|calculate_expense|search_company_knowledge,STRUCTURAL_OVERRIDE,"[{""tool"": ""get_ticket"", ""argument"": ""TKT-005"", ""result"": {""ticket_id"": ""TKT-005"", ""customer"": ""Silverline Health"", ""category"": ""Technical"", ""priority"": ""High"", ""status"": ""In Progress"", ""owner"": ""Amina Bello"", ""summary"": ""API integration returns authentication errors.""}, ""error"": null}, {""tool"": ""calculate_expense"", ""argument"": [32000.0, 8500.0], ""result"": 40500.0, ""error"": null}, {""tool"": ""search_company_knowledge"", ""argument"": ""Check TKT-005, add 32000 and 8500, and tell me what our escalation policy says."", ""result"": {""question"": ""Check TKT-005, add 32000 and 8500, and tell me what our escalation policy says."", ""answer"": ""I do not have enough evidence in the available company documents to answer this question.; I do not have enough evidence in the available company documents to answer this question."", ""sources"": [], ""chunks"": [], ""evidence"": [], ""retrieval_scores"": [], ""retrieval_details"": [], ""abstained"": true, ""retrieval_mode"": ""multi_part"", ""conflict"": null}, ""error"": null}]",Ticket TKT-005 is In Progress. Priority: High. Owner: Amina Bello. Summary: API integration returns authentication errors. Calculated expense total: 40500.0 Company knowledge: I do not have enough evidence in the available company documents to answer this question.; I do not have enough evidence in the available company documents to answer this question.,True,3,3,False,,True,True,0,True
S5-012,claim_knowledge_multi_part,"Who submitted EXP-007, and how many annual leave days do full-time employees receive?",independent,get_expense_claim|search_company_knowledge,"EXP_007|who_submitted_EXP-007, and how many annual leave days do full-time employees",,get_expense_claim|search_company_knowledge,get_expense_claim|search_company_knowledge,STRUCTURAL_OVERRIDE,"[{""tool"": ""get_expense_claim"", ""argument"": ""EXP-007"", ""result"": {""claim_id"": ""EXP-007"", ""employee"": ""Sarah Ade"", ""category"": ""Software"", ""amount"": ""22000"", ""date"": ""2026-08-07"", ""status"": ""Approved""}, ""error"": null}, {""tool"": ""search_company_knowledge"", ""argument"": ""Who submitted EXP-007, and how many annual leave days do full-time employees receive?"", ""result"": {""question"": ""Who submitted EXP-007, and how many annual leave days do full-time employees receive?"", ""answer"": ""I do not have enough evidence in the available company documents to answer this question.; 25"", ""sources"": [""annual_leave_policy.txt""], ""chunks"": [""annual_leave_policy_medium_001""], ""evidence"": [""Annual Leave Entitlement Full-time employees receive 25 days of paid annual leave during each calendar year.""], ""retrieval_scores"": [1.0006859040260314], ""retrieval_details"": [{""document_name"": ""annual_leave_policy.txt"", ""chunk_id"": ""annual_leave_policy_medium_001"", ""evidence"": ""Annual Leave Entitlement Full-time employees receive 25 days of paid annual leave during each calendar year."", ""chunk_similarity"": 0.6447510123252869, ""sentence_similarity"": 0.8406859040260315, ""adjusted_evidence_score"": 1.0006859040260314, ""version"": ""2.1"", ""status"": ""Current""}], ""abstained"": true, ""retrieval_mode"": ""multi_part"", ""conflict"": null}, ""error"": null}]",Expense claim EXP-007 was submitted by Sarah Ade. Amount: 22000. Status: Approved. Company knowledge: I do not have enough evidence in the available company documents to answer this question.; 25,True,2,2,False,,True,True,0,True
